battery_id,cycle,capacity,soh,avg_voltage,avg_current,avg_temperature,max_temperature
B0005,1,1.8564874208181574,1.0,3.5298286688693397,-1.8187019641679727,32.572328114029,38.98218133148803
B0005,3,1.846327249719927,0.9945272071416714,3.5373201277859714,-1.8175598506612867,32.72523522519307,39.033397966787035
B0005,5,1.8353491942234077,0.9886138595081705,3.5437367282719,-1.8164865418840956,32.64286193755933,38.818796689817404
B0005,7,1.8352625275821128,0.9885671763794173,3.5436661072601456,-1.8255891938692528,32.51487646204882,38.7623045063458
B0005,9,1.8346455082120419,0.9882348178817771,3.5423432526672167,-1.8261139590277586,32.38234901543077,38.66539257343368
B0005,11,1.8356616600675495,0.9887821697485943,3.5413347346347575,-1.8168108743168803,32.43418218230641,38.75169504640032
B0005,13,1.8351461429226603,0.9885044855913476,3.5410250495075215,-1.816791144707133,32.480416444757985,38.8207012322275
B0005,15,1.8257567905665537,0.9834468955151549,3.554133296801584,-1.8443412120754061,32.41046186109587,38.51713023385634
B0005,17,1.8247738529891333,0.9829174345738104,3.5529355991467955,-1.853972745505648,32.3461408313,38.526267904657
B0005,19,1.824613268496936,0.982830935473199,3.5512057319376997,-1.8535899338510957,32.27679750791685,38.52698128472781
B0005,21,1.8246195526864504,0.9828343204622076,3.549292319740949,-1.863380178294828,32.15709350345252,38.54143406601644
B0005,24,1.8142019357673917,0.9772228539894279,3.559759220648976,-1.872968810287894,32.36407129853099,38.52197451768004
B0005,26,1.8137521577549054,0.9769805803238794,3.558081969139198,-1.8826095043160833,32.3181954403762,38.582485834057856
B0005,28,1.8134404914735822,0.9768127007692816,3.555692244172496,-1.882536787636365,32.15709029211502,38.520294134873915
B0005,30,1.8025980036306504,0.9709723768751647,3.562746818017503,-1.8817935155260215,32.04407000314609,38.21358592965045
B0005,32,1.80210690024615,0.9707078432300706,3.5614521756489204,-1.8921861285036712,31.931593674911532,38.1983618706913
B0005,34,1.802579500826209,0.9709624103091467,3.5603420474985823,-1.9027629207037406,31.941655359029298,38.31926916027133
B0005,36,1.8030683142834096,0.9712257104811376,3.5591189041401865,-1.9133470605822436,31.965008645476725,38.4787542519308
B0005,38,1.8027776247196041,0.9710691300699019,3.557886771846508,-1.9131602105481538,31.966241678512723,38.54659017774874
B0005,41,1.8470259949329193,0.9949035873989017,3.5520375235511907,-1.8553455745575975,32.37143341978575,38.44749852224995
B0005,45,1.847417311283644,0.995114370594272,3.5525668436897124,-1.8746995273150975,32.70024990461686,38.992275791716615
B0005,49,1.8361774213478947,0.9890599854098058,3.556794038327039,-1.873827212788385,32.32266411829938,38.51424197364312
B0005,53,1.8257807475776242,0.9834597999985366,3.5614100044534203,-1.883193546754683,31.98795810666763,38.165816144899125
B0005,57,1.8251136435078368,0.9831004632950897,3.5566107947817986,-1.873239184822504,31.894456524691385,38.16526203587147
B0005,61,1.8255815042203762,0.9833524772367372,3.5586742170266272,-1.9139593751505897,31.78039681801023,38.27549578575718
B0005,65,1.8140311275083907,0.9771308478400268,3.564103182686905,-1.9030532722310995,31.688747146342205,37.982160799183106
B0005,69,1.8147691941158939,0.9775284086310274,3.559588063594272,-1.9134590742247914,31.596747992569153,38.11100191887773
B0005,73,1.813969388710352,0.9770975921350076,3.556833231052199,-1.913620909902553,31.565586498787077,38.18831137948753
B0005,77,1.802765665167823,0.9710626880376818,3.5624410850948944,-1.9025819745719061,31.59124667045208,37.998541119085836
B0005,81,1.804077040117352,0.9717690623092355,3.5591407106855666,-1.9130621638638965,31.603485399391182,38.194201649765226
B0005,85,1.8518025516704486,0.9974764875349146,3.5573161327793144,-1.920618117118412,31.91556385491565,38.45796400011448
B0005,89,1.8307038456739428,0.9861116348782737,3.561870782772737,-1.9298830859597569,32.081128118597164,38.49126351534004
B0005,93,1.8199041089501267,0.9802943389447215,3.5617586337260088,-1.9293005284805407,31.849792632896243,38.31473393357882
B0005,97,1.8093079637028517,0.9745867078945714,3.5597307651083123,-1.923330987770314,31.465690433362017,37.861934640176806
B0005,101,1.80460990458052,0.9720560906279802,3.5575937553540915,-1.9284469980320087,31.40934895665031,37.90665575786083
B0005,105,1.7993770651972192,0.9692374130950105,3.5597237883937995,-1.9231439161693824,31.902247475518077,38.34003238560517
B0005,109,1.7884432335370462,0.9633478867036308,3.559061771422033,-1.9170149640438081,31.649024294808623,38.0745950590744
B0005,113,1.7829230484252723,0.9603744299218223,3.557015527748059,-1.922048805055383,31.48874626238971,38.07252758016199
B0005,117,1.7730337158018288,0.9550475246530081,3.5562481933590964,-1.9162302821549877,31.329995610092634,37.80133585100446
B0005,121,1.773037755078937,0.9550497004162602,3.5532756526091784,-1.9220800182578983,31.569551201845574,38.39873985476869
B0005,125,1.7678721106662054,0.9522672175646096,3.556266431640255,-1.9162417890311958,32.111426258867944,38.74929237918251
B0005,129,1.7623150704093087,0.9492739086983165,3.5563095420140822,-1.9158809823517762,32.271676011112376,38.87275464755104
B0005,133,1.7676172924938447,0.9521299593373235,3.558950851054106,-1.9114406265753041,31.842291659678658,38.503541429116005
B0005,135,1.762668359743147,0.9494642085785509,3.5534418211598053,-1.9158166997544155,31.759815453754253,38.27009094548294
B0005,139,1.7517304870664143,0.9435725054869607,3.5510121537420285,-1.9151304155635374,31.41911167391793,38.11684755251712
B0005,143,1.7418496047960008,0.9382501520146926,3.551317608213948,-1.9148485784393638,31.331626572312267,38.04152715355532
B0005,147,1.7360913511847138,0.935148459244402,3.549003180550162,-1.9144128654409127,31.35934131425137,38.17980302242767
B0005,149,1.7936240148573608,0.9661385230754256,3.5597648340955175,-1.9388813849818083,34.31088483888259,40.71218198711114
B0005,153,1.7831890223273275,0.9605176972012408,3.5623454342368555,-1.927509725704535,33.43585640373788,39.885261233152924
B0005,157,1.7673642076278957,0.9519936347583842,3.558336657621618,-1.9267185977839403,32.66698125020078,39.18287352945846
B0005,161,1.7570177850353066,0.9464205172265512,3.554013138622869,-1.9261308349663746,32.28423408691397,38.951564804030774
B0005,165,1.7468706179837907,0.9409547290193551,3.552376095886298,-1.9202346781375206,32.00739178780946,38.607510759873634
B0005,169,1.7417172507457144,0.9381788592880077,3.549618661283733,-1.9201011498853633,32.06387071886056,38.920359903369054
B0005,173,1.7364225056478186,0.9353268361401414,3.54938103086703,-1.9144278105456467,32.43754560319043,39.23273115358871
B0005,177,1.7263217239235826,0.92988603346571,3.5472118680418956,-1.908340706503589,32.16809876635083,38.964927068400804
B0005,181,1.7158065389330133,0.9242220117908766,3.5467052098640246,-1.902207182631691,32.05752645824972,38.83927283461771
B0005,185,1.710533351135192,0.9213816005181208,3.544629653883431,-1.9020484449938713,31.975920928072714,38.82796377704433
B0005,189,1.706014499648521,0.9189475137389712,3.5436291614253204,-1.8964907679062355,32.21689335291319,39.14007944734004
B0005,193,1.7003110272642588,0.9158753289666399,3.5444946147995258,-1.895971437908019,32.55632993697177,39.349611598028886
B0005,197,1.6945798601797895,0.9127882263985312,3.5409201846556857,-1.8899648799839277,32.40048085325998,39.29444535878087
B0005,201,1.6849029086609286,0.9075757205607075,3.541195668799061,-1.8893703824420507,32.29371860868794,39.10487658009542
B0005,205,1.6744741591159717,0.9019582574806932,3.540671044783382,-1.8776883243431417,32.136071448067796,39.0462609369598
B0005,209,1.6745692479879102,0.902009477257823,3.5376048790268775,-1.8831065986697755,32.38268549723498,39.398032192832
B0005,213,1.663716375981405,0.896163559916933,3.538422485261741,-1.876359921441716,32.30899951427637,39.10678394120843
B0005,215,1.659013868748246,0.893630546668135,3.53928626988912,-1.8709550260104437,32.56636929496716,39.44448954135193
B0005,219,1.6538540573335014,0.8908512057704355,3.533690170241391,-1.8705599868289542,32.46542951751835,39.509602016775695
B0005,223,1.642653782130131,0.8848181591266643,3.534367734544495,-1.8640049795794804,32.347056454418095,39.334865362245324
B0005,227,1.6378578430223698,0.8822348186450748,3.5312941932103548,-1.8636932149873204,32.371538940646154,39.43723270017243
B0005,231,1.6327350407099108,0.8794754127611387,3.5309134771684274,-1.857820396301907,32.45549347979197,39.51375235624076
B0005,235,1.6277528915533617,0.8767917699307696,3.5287226893409893,-1.8572160981955346,32.50017194695606,39.60170302810528
B0005,239,1.622125485521159,0.8737605584239754,3.52625493581969,-1.8568340008006827,32.50100298369444,39.687463597582074
B0005,243,1.6113256603765849,0.8679432148624366,3.528684324337005,-1.8448886500218815,32.4728927422438,39.53535075538898
B0005,247,1.6065631397488385,0.865377875300024,3.525556939424901,-1.8444180038305806,32.50480154634882,39.6502371632164
B0005,251,1.6015142233917594,0.8626582682073705,3.5226805646793737,-1.8438790389835118,32.51218336210202,39.69929058154853
B0005,255,1.590369231400328,0.8566549999565574,3.524673458789008,-1.83711254029409,32.45692821941515,39.56076309770468
B0005,259,1.5857889968242211,0.854187849075412,3.5213155754526824,-1.8315957075983758,32.447059186431154,39.63708096307912
B0005,263,1.5849430707374117,0.853732189598637,3.51803386486462,-1.8311195242792309,32.32889654966259,39.43977047692484
B0005,265,1.5955263892495937,0.8594329115068511,3.5236841955396794,-1.8432799764914718,32.84488475360107,39.839022256254516
B0005,269,1.5747301747801037,0.8482309964083232,3.519146638240668,-1.829798505957538,32.31731555011648,39.41794949618613
B0005,273,1.5649019950937946,0.8429370312695894,3.516233648608237,-1.8236746835609148,32.06376130177751,39.262781682151214
B0005,277,1.5597659473370362,0.8401704907053151,3.514773138461639,-1.8176720770210877,32.21997626855924,39.47237839941986
B0005,281,1.5594815668184234,0.8400173086716403,3.5132992979150073,-1.8179238657973993,32.7120225448885,40.037541469513684
B0005,285,1.55468935359061,0.8374359751414073,3.514484830704665,-1.817160673909645,32.945022147355694,40.142730162011574
B0005,289,1.5488741079890418,0.8343035835418966,3.5109677353595243,-1.8110297241968543,32.857549597381336,40.1165626728546
B0005,293,1.538236598942558,0.8285736718133292,3.5109358749578012,-1.8094435644526072,32.629663328789654,39.87503330866132
B0005,297,1.527914258251028,0.8230135260370756,3.509393098217416,-1.8026537331443495,32.379859014262976,39.61961987024145
B0005,301,1.5285252629756445,0.8233426447360579,3.5066782411556563,-1.8031542757366414,32.68215852457039,40.067324667444815
B0005,305,1.522647325284378,0.8201764839394088,3.5109885623008092,-1.7965666438696486,32.99387423636739,40.24716716520102
B0005,309,1.5174859938489869,0.8173963242800902,3.510305462695178,-1.7959771394311956,33.04539707211165,40.30253125568348
B0005,312,1.605818899130659,0.8649769888680268,3.5222215314850214,-1.822916991757235,32.856295641052824,40.09418103142496
B0005,315,1.5638491446744425,0.8423699116610504,3.5163492154331264,-1.8294275689587538,33.33950238056361,40.52238496316615
B0005,319,1.5480915247767786,0.8338820438085877,3.5134397623234963,-1.816317296828028,33.35156485472646,40.56886357314186
B0005,323,1.5323755631868592,0.8254166152720488,3.515137522009075,-1.8033689952639713,33.147486361012966,40.27804845768325
B0005,327,1.5269528268489705,0.8224956494324317,3.50830390643132,-1.802670753119494,33.007275861749356,40.2921849196155
B0005,331,1.5169573017136326,0.8171115433925789,3.509190808443004,-1.7958941337499832,32.91990812745461,40.184384347174266
B0005,335,1.5118975960142693,0.8143861246029738,3.5068097579555353,-1.795344963527795,32.99903328622305,40.320066232195046
B0005,339,1.5065638960681105,0.811513118362076,3.50609090727422,-1.7893518988259454,33.03772281691292,40.336505612651585
B0005,343,1.5015453526671363,0.8088098717121404,3.5037157727265953,-1.7883879159763685,33.07740307192613,40.43267631588412
B0005,347,1.4908444050400238,0.8030457886878684,3.5067479961367156,-1.7815447770741009,33.05467981523988,40.314538591575015
B0005,351,1.485868384561201,0.8003654470798278,3.5058813026542324,-1.7753115642966961,33.11570360624461,40.386661855917744
B0005,355,1.480413677976106,0.7974272604140161,3.504168333530808,-1.7742377662318358,33.12942148982364,40.43384612547835
B0005,359,1.4752095869031632,0.7946240682056631,3.5030568931470634,-1.773860289771637,33.130681310493344,40.44479269068758
B0005,363,1.4859035988304024,0.8003844153038009,3.4982324882487936,-1.7809702419814517,33.20069210329718,40.58499656066617
B0005,366,1.4960918298136696,0.8058723226653155,3.5065859365661325,-1.7879098523188452,33.78697527817091,40.99869158762305
B0005,370,1.4808005946928984,0.7976356737393387,3.501457140697961,-1.780229415660985,33.673365085761986,40.997807625227495
B0005,374,1.4697543268466824,0.79168558341158,3.501658387162809,-1.7731015168894209,33.535818118317145,40.84213757482493
B0005,378,1.4539012274845928,0.7831462853887025,3.4966186408455298,-1.7705879947441516,33.32269982188509,40.69012464267011
B0005,382,1.4541462067235693,0.7832782438583529,3.4991645719433246,-1.7600629827474803,33.346230327490304,40.69938049882204
B0005,386,1.455023751906683,0.7837509350133121,3.496080777360074,-1.765575132998529,33.64948900485925,41.06026204078849
B0005,390,1.449042163761236,0.7805289427291894,3.4959014526387993,-1.7588271887545277,33.79269513542102,41.19696040482682
B0005,394,1.4386709371480566,0.7749424644709048,3.49758697990267,-1.7516428147438297,33.52446663707275,40.84446688602949
B0005,398,1.433445432156979,0.7721277376203588,3.4956989619989507,-1.7513097768253418,33.39042251934235,40.764203830749366
B0005,402,1.4333958900838095,0.7721010517012333,3.492875380810072,-1.7511840784846122,33.67370212742761,41.11212504270441
B0005,406,1.42806487344776,0.7692294908297354,3.49551076423368,-1.7446206812145286,33.91080564765892,41.27256611507568
B0005,410,1.4229203181741186,0.7664583676775116,3.4942333590450834,-1.7436362428649814,33.7850680599871,41.15574924454392
B0005,414,1.417429032731308,0.7635004777498812,3.491197414255986,-1.7425325036061032,33.61126807392732,41.03237216951879
B0005,418,1.412409228794446,0.7607965521102183,3.4889094081576237,-1.7419837011363046,33.45598581472246,40.937269906716935
B0005,422,1.412578792940193,0.7608878881159705,3.487376295811431,-1.7421680980861822,33.723267448788484,41.240704611971786
B0005,426,1.4075983731469897,0.7582051768100095,3.491994243745711,-1.735841378420618,34.050076369857344,41.43649987692296
B0005,430,1.4333920485221476,0.7720989824377313,3.491585878898649,-1.7567879869499758,33.889346908026745,41.16703904201915
B0005,432,1.4382550176792908,0.7747184287655712,3.495576227046425,-1.7573176114092575,34.067648550088656,41.36216559728765
B0005,436,1.4173547174485526,0.7634604477007023,3.4938988589692483,-1.7427628393326555,33.75168100943646,41.02198772703674
B0005,440,1.406981663677643,0.7578729852409039,3.49159162968384,-1.7352637407600366,33.46482299584788,40.78818812957494
B0005,444,1.4012037783587625,0.7547607178190572,3.4885729299834787,-1.7344350518111926,33.40210697922146,40.81506138506309
B0005,448,1.3967008232726328,0.7523351936621817,3.4869021151089825,-1.7280392046289716,33.410688917712235,40.858374219876424
B0005,452,1.391284788852726,0.7494178378216989,3.4855485210036417,-1.7326888725308258,33.38984948261314,40.839876773287166
B0005,456,1.3862287677978349,0.7466944037718938,3.4838912547260388,-1.7260735249920125,33.3700433438796,40.85376069244676
B0005,460,1.3804366761974138,0.74357448411315,3.483198941484065,-1.7195393742714093,33.27215987470977,40.74795214258888
B0005,464,1.3752364150256224,0.740773354887346,3.4836274447098883,-1.7185829844462923,33.222444215660225,40.68794001196382
B0005,468,1.3705128024895008,0.7382289732324248,3.480172442538601,-1.717672415155695,33.26207748383125,40.7810749453613
B0005,472,1.3705085566270399,0.7382266861916329,3.478452148610975,-1.7177080769362936,33.312029905516525,40.88159339768709
B0005,476,1.3647355108681518,0.7351170256067291,3.4785782556105507,-1.7109669363015376,33.25287943255863,40.81191473576834
B0005,480,1.375392016895762,0.7408571700903981,3.4825195584604582,-1.7184206130755166,33.745054045019884,41.11793533148924
B0005,482,1.3861115151535393,0.746631245442362,3.4886823636752826,-1.7260471943596487,33.88841975386692,41.248795355864885
B0005,484,1.3698500035838939,0.7378719555127383,3.4858502383832755,-1.712021613408506,33.7353756996425,41.16242984455477
B0005,488,1.3647827949260758,0.735142495242232,3.478794177297151,-1.711022510206629,33.59131052719714,41.16437554618679
B0005,492,1.3543220466259964,0.7295077959801872,3.4812826020756744,-1.703421414006958,33.32366688599416,40.864216180205034
B0005,496,1.3546417018378962,0.7296799787853683,3.480352041587074,-1.703574708739156,33.691961507697364,41.25434553511566
B0005,500,1.3547039213192407,0.7297134934112401,3.4781127815565127,-1.7034912994217157,33.887639684793655,41.45023191903855
B0005,504,1.349314997503458,0.7268107407422197,3.4765867130506125,-1.7023383270190764,33.67308060941856,41.27708509224051
B0005,508,1.3441891937970554,0.7240497181525036,3.4733769291841643,-1.7014238498912502,33.411988203265814,41.064605154983276
B0005,512,1.3389913790695755,0.7212499067079483,3.4726366397371127,-1.6950436046971957,33.29926524979532,40.99284868101728
B0005,516,1.3389145230206971,0.721208508070922,3.473439372740961,-1.695057731610264,33.59980731390034,41.29040553417739
B0005,520,1.3340066759761655,0.7185648881952921,3.4754777099091454,-1.6937809113323188,33.61961195858585,41.22740227746052
B0005,524,1.3286444309174914,0.7156765060826296,3.4722884821666766,-1.6869434054016965,33.3945201718652,41.04619550953222
B0005,528,1.3231708992276219,0.7127281792431958,3.471373665098864,-1.6860649112944592,33.16734508187535,40.85874389007758
B0005,532,1.3181691588445197,0.7100339835664494,3.4726160162875095,-1.6795829780331424,33.10962161613893,40.79196924883506
B0005,536,1.3184664436640334,0.7101941165230103,3.4738146874457896,-1.679793840292355,33.46501751186519,41.14127834456325
B0005,540,1.318293040102702,0.7101007124097442,3.4701426486639693,-1.6851739865098712,33.4426191014044,41.14429319149828
B0005,544,1.323872422244268,0.7131060557689289,3.467523652225441,-1.6863812036302581,33.037928170775885,40.66184230912503
B0005,547,1.3601216766554785,0.7326317762261326,3.4767525840839255,-1.715777469309528,33.4949493613756,41.046694544970684
B0005,551,1.3395306867947354,0.721540405700353,3.4758956827369127,-1.7007216920098716,33.491363029025784,41.0462053156659
B0005,555,1.3290286565120697,0.7158834698305493,3.475812179626641,-1.6928138295817332,33.329808599922345,40.868302643225604
B0005,559,1.3236741274998955,0.7129992439790138,3.4746554404904435,-1.6861104874993165,33.27302769298771,40.85283588259973
B0005,563,1.318633896753293,0.7102843154047166,3.472301781313945,-1.685043785043406,33.229879126701434,40.85270645265791
B0005,567,1.3134751321324272,0.7075055383642601,3.4729305773503527,-1.678524839793589,33.20860833999321,40.8263251809212
B0005,571,1.3132020634442203,0.7073584494666222,3.4696192030612285,-1.6839115230941766,33.236115055926255,40.90308836809665
B0005,575,1.3077959946944353,0.704446461650727,3.470018470757559,-1.6773783325850857,33.18660088296571,40.84337405460518
B0005,579,1.3030329186405918,0.7018808229071344,3.470762691935287,-1.676425373206175,33.174058099115534,40.81792110626284
B0005,583,1.3033573559038205,0.7020555815721221,3.468111467035994,-1.67627880896028,33.253984518546055,40.946993847659506
B0005,587,1.3034100438655642,0.7020839620292978,3.4648625780221494,-1.6817992883033976,33.3198093248819,41.074938058306316
B0005,591,1.2978870806495706,0.699109008817086,3.467864133752208,-1.6750812261110137,33.33765795318198,41.02476444658572
B0005,595,1.2980735056918902,0.6992094269724848,3.464021404592563,-1.675366426273468,33.29076744042025,41.06214198725253
B0005,599,1.293463613844243,0.6967263011532883,3.4664623858156745,-1.6744879201095209,33.27568841807217,40.98366325567302
B0005,603,1.288003392619118,0.6937851440175622,3.46850906693551,-1.6674467270234996,33.32067807371405,40.98234242711097
B0005,607,1.2874525221379407,0.6934884167276275,3.466806213058136,-1.6674702882406252,33.37314972896719,41.06375085817118
B0005,611,1.3090153642307354,0.705103277055252,3.471070722008039,-1.6888978346592105,33.71351889594897,41.047029587744966
B0005,613,1.3250793286429356,0.7137561578838874,3.475472204020004,-1.6979281889133206,33.86531768239223,41.051007697556734
B0006,1,2.035337591005598,1.0,3.556946061827572,-1.990533350635129,32.142777859921516,39.16298653238707
B0006,3,2.0251402460314116,0.9949898508143074,3.56147580138708,-1.990277542145709,32.29307515705474,39.2462026826329
B0006,5,2.013326371345464,0.9891854698908897,3.5667524696413215,-1.9899467848963859,32.24414709253608,38.999202460252846
B0006,7,2.0132846655407413,0.9891649790372313,3.5687953371516272,-1.9896009282099438,32.14711742429942,38.843627771866515
B0006,9,2.000528337624771,0.9828975529491258,3.563970503289941,-1.9895483606575701,32.06687277315468,38.97798888258284
B0006,11,2.0138990759931645,0.989466850557287,3.5735512387791406,-1.9901040351037365,32.03447836207717,38.83989920742278
B0006,13,2.013101105626967,0.98907479256665,3.5711391343785897,-1.9900886222380372,32.11157496697372,39.04610837498471
B0006,15,1.9687898262728398,0.9673038197560735,3.5681507462163036,-1.9891170520197212,32.112576242471775,38.87507521022778
B0006,17,1.9681661764334244,0.9669974087497759,3.5692834155812436,-1.9892116643905464,32.03566207329278,38.7260539826455
B0006,19,1.9572307917560536,0.9616246466459876,3.563388513484579,-1.989191243247005,31.99527968872302,38.98629728904917
B0006,21,1.9455991514129352,0.9559098009149796,3.566658719765511,-1.9891317699701738,31.874127571841353,38.65978861919643
B0006,24,1.9347505044841131,0.9505796547137972,3.5687035970122842,-1.9887805507702212,32.120959708576166,38.84979195732924
B0006,26,1.9232799539368028,0.9449439554578114,3.569207084156356,-1.9887320866401275,32.11021168908644,38.75128344015104
B0006,28,1.911889930948487,0.939347820920401,3.5659271296109383,-1.9887200290368634,31.989061278918154,38.76853764058789
B0006,30,1.9010667141979305,0.9340301690486008,3.5612417270649486,-1.9887874042287874,31.878814448635442,38.84686112344348
B0006,32,1.8891989948061458,0.9281993331989463,3.557881987836072,-1.9885910895930397,31.767450711024402,38.865889781652804
B0006,34,1.878278372248849,0.9228338240050139,3.56282437243777,-1.9884892463229662,31.78991634963658,38.647578733807656
B0006,36,1.8675697161520206,0.9175724579573611,3.5591953280168633,-1.9883474274444874,31.82883467218067,38.79218188173866
B0006,38,1.8675892574453767,0.9175820589657847,3.5580906165580983,-1.9774549866256104,31.890449470827843,38.77022223929529
B0006,41,1.979626548250818,0.9726281070025072,3.565899462157853,-1.9892347833261184,31.51177053595285,37.54320599748628
B0006,45,1.9575499080884022,0.9617814345585967,3.570814209348872,-1.9890474874073771,31.874488497680712,37.90362577530197
B0006,49,1.9458150170787551,0.956015859814876,3.5666817833633124,-1.988682950523383,31.53911453638972,37.6701605139887
B0006,53,1.9242461121680094,0.945418647339628,3.5668392745025836,-1.9885447318884866,31.220866832188786,37.34166959188387
B0006,57,1.9459811331421641,0.9560974757905958,3.571051969392875,-1.9885639445355097,31.119005145018026,37.28979017254232
B0006,61,1.901407930553079,0.9341978151219875,3.5666308474029793,-1.9880563928902786,31.033244078156734,37.16794481484507
B0006,65,1.878674213680085,0.923028308415357,3.5527392240854914,-1.9772969675547487,31.001249222460967,37.51577848501052
B0006,69,1.8683061328264219,0.9179342734506019,3.5560959755046615,-1.9771693646864965,30.921434744041356,37.24165964092258
B0006,73,1.8560244070082998,0.9119000283836427,3.5504500858303394,-1.9660385076397233,30.929360248207214,37.27233216178077
B0006,77,1.8451997961855777,0.9065816915777205,3.546007083640312,-1.9445990482746272,31.00810965793079,37.207134503019795
B0006,81,1.857228890885317,0.9124918141799352,3.554257954720065,-1.9769156942357176,30.96779499306422,37.49607769896255
B0006,85,1.9247760889090635,0.9456790349742867,3.555857469677978,-1.9997552547832569,31.10097217303459,37.250073961181094
B0006,89,1.8822317526092551,0.9247761948322795,3.5537306734803207,-1.9884344406296768,31.307368922041046,37.39699052067588
B0006,93,1.855276687885587,0.9115326597829658,3.5452650003621513,-1.9771310999966942,31.131339987164562,37.2852066420257
B0006,97,1.8392508917181876,0.9036588818710266,3.538408778928339,-1.965705768920947,30.828713779105055,37.080390421974414
B0006,101,1.8185396073994429,0.8934830346748316,3.5297688311332673,-1.9542494702422435,30.761533072057244,36.98024266357476
B0006,105,1.8134770059567056,0.8909956824708977,3.5300676840423306,-1.9490605727432448,31.30305692941581,37.598741245467004
B0006,109,1.7971018450305436,0.8829502550201761,3.5248882875629555,-1.9373547119632697,31.06432144678013,37.33680914521836
B0006,113,1.7810046294120476,0.8750413873759919,3.5190926887152725,-1.9312604088713479,30.96654665282149,37.39499820465976
B0006,117,1.7710130422682329,0.8701323309187394,3.5151810230271,-1.925413982519257,30.826455697992966,37.35233964342659
B0006,121,1.7604712448170943,0.864952945691579,3.514029112834162,-1.9198444871883995,31.080769482413952,37.58677381866742
B0006,125,1.7502913788006587,0.859951384249673,3.514139684003936,-1.908733158939213,31.694287817425337,38.207044569893476
B0006,129,1.7394925037732578,0.8546456919285944,3.509578354212467,-1.90276801874341,31.875581783696685,38.340431886092745
B0006,133,1.7546766553637203,0.8621059538809914,3.5110708693292705,-1.9093247566511207,31.543288143901563,38.521539672721865
B0006,135,1.7659390941842175,0.867639403894526,3.5159179315855056,-1.9306372167933323,31.420983409991024,38.03707160241571
B0006,139,1.7337887419624838,0.8518433254632082,3.50585340727078,-1.907114151507875,31.15837149963786,37.934285687720596
B0006,143,1.713325912040734,0.8417895486292435,3.5010379345914444,-1.8953541357988335,31.15661421699882,37.88470784051604
B0006,147,1.7024077813673466,0.8364252637451849,3.497407662636496,-1.8892713805954209,31.206611383963253,38.065368726791895
B0006,149,1.82371946178183,0.8960279954741002,3.5388872766749144,-1.9819359924929794,33.61169282822636,39.788440481350335
B0006,153,1.8081284050314708,0.8883678132914206,3.5327430295356828,-1.9653277079992455,32.85630077141311,39.212903178007906
B0006,157,1.7757610945034283,0.8724651391251901,3.521214759733266,-1.9470636598230844,32.210981559158874,38.66937823121345
B0006,161,1.7447409841836798,0.8572243699983239,3.5093111439506677,-1.9241628426386395,31.965090081650274,38.5170065164806
B0006,165,1.729207034132373,0.8495922454210777,3.50716091973708,-1.9124470439353747,31.744801840189538,38.292505299491516
B0006,169,1.7081086552553244,0.8392262113192732,3.500928918686389,-1.8950209973545986,31.876564068962466,38.52091685291118
B0006,173,1.6975954237461768,0.8340608610817466,3.4973019898820894,-1.8837082435178907,32.24289319481841,38.95436345473558
B0006,177,1.6820634524029463,0.8264297086813447,3.4929038301187156,-1.8716651994380054,32.07305565938816,38.731363854696035
B0006,181,1.6714768322295086,0.821228301199745,3.488659224822318,-1.8654809345089407,32.030140929891196,38.74827601131975
B0006,185,1.6607591387047655,0.8159624948921792,3.4822930804774015,-1.8592903578575999,31.984935871368258,38.84227056628921
B0006,189,1.651121015038069,0.8112271017518528,3.477575664197982,-1.848156298789804,32.23677365476226,39.221381996208315
B0006,193,1.6401349256190927,0.8058294274458677,3.4787436506489255,-1.8415742473538441,32.56097148037261,39.466510899162515
B0006,197,1.6291999416165441,0.8004568622012265,3.4740152461288862,-1.8297533943331723,32.48984985901219,39.352653481724175
B0006,201,1.6088496302961666,0.7904583678923177,3.4718387718772696,-1.8170860697729954,32.42612199208859,39.31890647034385
B0006,205,1.6035244898969248,0.7878420253146665,3.463180130644551,-1.8111560774496664,32.29984271249387,39.47196886600465
B0006,209,1.5989712144027983,0.7856049146190022,3.463469391967206,-1.8113056300795982,32.610757585145336,39.74009698783903
B0006,213,1.5876273123575604,0.780031440176547,3.46021805164007,-1.803802475704306,32.25699351958767,39.03600072360686
B0006,215,1.5829719744686166,0.7777441842886215,3.462574876665621,-1.7982439953659044,32.47193402838835,39.16106395962828
B0006,219,1.567137636713563,0.7699644735295673,3.4537077937586056,-1.7857963808615818,32.40219271195366,39.20051799483514
B0006,223,1.5613446139713882,0.7671182514739364,3.4514035349888337,-1.7850748194527644,32.30987415652578,39.15878418316098
B0006,227,1.5511711892790419,0.762119854776846,3.450781146333252,-1.7785916660457872,32.35440526839345,39.18225956809825
B0006,231,1.5406741606295171,0.7569624653118686,3.446105572450592,-1.7727874712030285,32.4731363791227,39.38159156766375
B0006,235,1.5253138744624433,0.7494156650980108,3.4418152533277144,-1.7601807681971697,32.52334649341759,39.44712875501599
B0006,239,1.5301570318067428,0.7517952002501654,3.445008015985666,-1.7653027883569699,32.518264823491045,39.40950590627068
B0006,243,1.5246566834474087,0.7490927746753414,3.441164687975023,-1.7593486488770236,32.5437072434024,39.48443326993031
B0006,247,1.5145492986655427,0.744126824640059,3.443620591429828,-1.7526167898737661,32.562223096007365,39.4416762582387
B0006,251,1.509391504602082,0.7415927024943012,3.439943269617906,-1.7516949849801624,32.58978020040808,39.53866201326228
B0006,255,1.5039974333050705,0.7389424928579005,3.43602719305159,-1.7510429704034998,32.57089563557426,39.5867547936938
B0006,259,1.4935201918040188,0.7337948251946333,3.436309312279291,-1.7388746112390865,32.537854347094196,39.499752884420865
B0006,263,1.4876323024497422,0.7309019933714036,3.430470227771154,-1.738622547139575,32.65645090520509,39.9686395722832
B0006,265,1.5302876214401704,0.7518593614163546,3.4417311090871063,-1.7870762809520677,33.180785234653264,40.42668250871336
B0006,269,1.5040760088360112,0.7389810985080334,3.4355429213552537,-1.7612682208672186,32.71220835503141,40.02451449021777
B0006,273,1.4887593608730894,0.7314557385723608,3.4272336842373576,-1.7545532300777185,32.543943889007906,40.02167483360719
B0006,277,1.4782779285546637,0.7263060118809538,3.4307536518687556,-1.7364250156958492,32.6655410721976,40.078211781584145
B0006,281,1.478459982215684,0.7263954583009604,3.430880434209888,-1.7371686757879778,33.160922870564626,40.565789328351094
B0006,285,1.473214844899973,0.7238184227571322,3.431984614031654,-1.7358183569582517,33.414445545408455,40.75221353269305
B0006,289,1.4675164935067897,0.7210187145326269,3.426913589626702,-1.7297302660430056,33.3541679486525,40.71162611325717
B0006,293,1.4516292657521335,0.7132130179126343,3.4220422356705154,-1.7278671098991139,33.13634596100404,40.58721297402195
B0006,297,1.4519237720967177,0.7133577144710262,3.4202687142856667,-1.7269073147637581,32.92241762841388,40.37035790264624
B0006,301,1.4471484694777745,0.711011517633683,3.4248208106770663,-1.7211995934038338,33.20338483123576,40.667923693760464
B0006,305,1.4468538105659885,0.7108667461161282,3.4234990883192666,-1.721141114732718,33.533950654066935,40.990356883952465
B0006,309,1.4416741930284678,0.708321901683239,3.4247420964314874,-1.7200547727480755,33.5767934055627,40.997744028174516
B0006,312,1.5935866593100128,0.7829593804744059,3.450702139255875,-1.8210481343824243,33.224088400657315,40.77265883698999
B0006,315,1.5463902376915637,0.759770882494014,3.4480475429907522,-1.821445703423604,33.37083344726966,40.522204934304625
B0006,319,1.51470559175661,0.7442036144029749,3.4399481891896455,-1.7899159936953069,33.43366634309322,40.57746834859555
B0006,323,1.4989786083335404,0.7364766488653811,3.434112914501242,-1.7769345930773324,33.28676739403043,40.516963879873735
B0006,327,1.4831110745410492,0.7286806282628964,3.4325600940363916,-1.7640032117743045,33.14347737377552,40.34325381638243
B0006,331,1.4729664825468278,0.7236963976177928,3.4270614887575657,-1.7571701008871028,33.11021541795579,40.39341126895154
B0006,335,1.4627604396099307,0.7186819749578868,3.427340316812041,-1.7502670210777267,33.18991802149879,40.46341487442664
B0006,339,1.4518364681062514,0.7133148203630159,3.423482197888437,-1.7439614243216512,33.26265398635676,40.5818264138806
B0006,343,1.4468670644030392,0.7108732579778997,3.4220957701069374,-1.736850855663561,33.299978841087025,40.61670777074496
B0006,347,1.441380399427779,0.7081775553094546,3.421883545422636,-1.7360045229798653,33.31663547841367,40.631647661681036
B0006,351,1.431210744960774,0.7031810109956533,3.4195777411151886,-1.729690117077797,33.39150630507064,40.74323383889164
B0006,355,1.4260247179525716,0.7006330174681323,3.4175281789596474,-1.7287954627467013,33.41522427488497,40.81715493531611
B0006,359,1.420487649966195,0.6979125508434085,3.4197860540725715,-1.7216729981632184,33.39690850726103,40.72877617289365
B0006,363,1.4207006230355006,0.6980171885557206,3.4171369298988705,-1.7228162229694663,33.73731993653,41.45494452672042
B0006,366,1.452255804330839,0.7135208482113887,3.4305347141293625,-1.7486639022205694,34.08965316576344,41.39678877103747
B0006,370,1.431557632772571,0.7033514435633659,3.4250844180972875,-1.7345160724760178,33.9987286593769,41.36669473718026
B0006,374,1.415015751158943,0.6952241030736463,3.4171339862792935,-1.7271570233190525,33.907397114007345,41.37787352037061
B0006,378,1.4097311506517451,0.6926276785146194,3.417521467040602,-1.7305179027385762,33.70518417605219,41.140956091698214
B0006,382,1.404917318129309,0.6902625512041874,3.4181623236680356,-1.7141443638380731,33.7458832944166,41.2168813199875
B0006,386,1.395164296571563,0.6854707065486149,3.420331935905118,-1.7067823273466607,34.01657212624259,41.40391881889191
B0006,390,1.3945343832614077,0.6851612181802287,3.4192916311692465,-1.7063596521950202,34.175023374593785,41.586571331198584
B0006,394,1.3893171179312644,0.6825978766720686,3.414352330355796,-1.7052696591517462,33.976109677640174,41.43504077863728
B0006,398,1.3838379472327809,0.6799058560840853,3.412701167144591,-1.7046265574439607,33.84150372451663,41.37436880579148
B0006,402,1.3736814238195123,0.674915763306282,3.410409522809144,-1.6985503106996724,34.1008464215818,41.66477948989921
B0006,406,1.3786059891863676,0.6773352957654757,3.414419320260644,-1.6982347588599789,34.34663683304219,41.81816829502593
B0006,410,1.3737600299108574,0.6749543839713218,3.4131710032395315,-1.6971165805711328,34.216231530637586,41.686647000781186
B0006,414,1.3682580583942712,0.6722511609085237,3.4107019261975147,-1.6959199401004303,34.041617020161176,41.565382893773936
B0006,418,1.3633024037317505,0.6698163536881292,3.4089059214760367,-1.6953163120957457,33.890212870710734,41.46394809540406
B0006,422,1.3580966140172601,0.6672586503678076,3.4134080258317576,-1.6890383512433216,34.116762412437,41.6123634180086
B0006,426,1.353269090999531,0.6648867966571198,3.411221044859532,-1.689240311218937,34.490493589415046,42.0075404495327
B0006,430,1.3841605738237488,0.6800643686533974,3.4155210852213678,-1.7102007614808157,34.23744800906639,41.61679232360952
B0006,432,1.4051467790651473,0.6903752897183545,3.4229838362549794,-1.730244918610445,34.41428886050454,41.80245062827161
B0006,436,1.378719022627353,0.6773908312410081,3.414757022019347,-1.7152465923901479,34.16445180476378,41.653004783464006
B0006,440,1.3682657783199066,0.6722549538545536,3.41435871627236,-1.7013404928191733,33.877146811272176,41.36061809844917
B0006,444,1.3573151296618016,0.6668746922672389,3.4091886698418046,-1.7004366132157598,33.839566254190565,41.42815616511055
B0006,448,1.3524934638801596,0.6645057163278422,3.411930366643558,-1.6873533635265776,33.818304796930946,41.343265645039
B0006,452,1.3474099151661236,0.6620080723318286,3.4094417183837504,-1.6919294969110734,33.812621135472135,41.38118673567723
B0006,456,1.3370075130842318,0.656897174696045,3.4081896097479882,-1.6852952939579415,33.79894614410012,41.378450473707446
B0006,460,1.3312352966718526,0.6540611751852576,3.40737851449911,-1.6787428835073943,33.702723745621576,41.306600641009794
B0006,464,1.3259303781727643,0.6514547680110712,3.4085862639015,-1.6712137513430336,33.63562651984647,41.204081036719124
B0006,468,1.321578743867529,0.6493167274597319,3.404843616147767,-1.6768931248947176,33.690724061796516,41.32955629442644
B0006,472,1.321225074066109,0.6491429627717592,3.4081057374178703,-1.6701186583642826,33.71317033815572,41.300370296451625
B0006,476,1.3156485301862682,0.6464031008911139,3.4091728540380735,-1.6634753413292604,33.65376593260611,41.243646229563595
B0006,480,1.3209025697502388,0.648984510278524,3.4110817622184233,-1.6645875549232958,33.983578066068176,41.36464929786556
B0006,482,1.3474328767273906,0.6620193537828117,3.4167486246717154,-1.6918384605140158,33.816348135475515,40.89285784811417
B0006,484,1.3260128072353616,0.6514952669744675,3.4169689184247174,-1.6711981411684529,33.60692030225909,40.652964511118334
B0006,488,1.3101186784831063,0.6436861797633369,3.4105763913818787,-1.6632769410531225,33.47350597721994,40.58410707337388
B0006,492,1.30521620229393,0.6412775001365069,3.4113335283009314,-1.6559085740676296,33.209178727620106,40.322783635307104
B0006,496,1.3004061951355774,0.6389142523000749,3.4081283345557187,-1.6561009220603313,33.58088963686094,40.78032921971219
B0006,500,1.300235735841116,0.6388305024124815,3.4125732422699135,-1.6493259508429792,33.76400861956033,40.85731522464202
B0006,504,1.2895066722480755,0.6335591097744968,3.407693686560286,-1.6481131076816375,33.57003564415372,40.74860220857894
B0006,508,1.279253057384795,0.6285213141239901,3.4073499608041957,-1.6402541382604887,33.272050895552354,40.472276230208436
B0006,512,1.2792078171714618,0.6284990867482796,3.409292163767801,-1.6339151095418003,33.12740933210319,40.28187574900838
B0006,516,1.274036760902923,0.6259584486293798,3.4095492354804775,-1.6340244573659812,33.439116773449626,40.637565231244686
B0006,520,1.2741273923001468,0.6260029775555019,3.410318915287339,-1.632488007933941,33.482874768414376,40.64243349478575
B0006,524,1.2637639426440779,0.6209112179860495,3.409269478846637,-1.6192610042624402,33.22136307064441,40.38713367022122
B0006,528,1.2581373688955233,0.618146775481072,3.4094374435069095,-1.6178242977824624,32.98562738901426,40.15316398972329
B0006,532,1.253259864055301,0.6157503647520722,3.403885091976961,-1.6181015728870058,32.970182781539556,40.26211669866818
B0006,536,1.2532313315493426,0.6157363461901961,3.4065929107527846,-1.6180985297864203,33.31018716138479,40.65437976632703
B0006,540,1.2480874960313577,0.613209082142838,3.4095930016592684,-1.6103535053387172,33.23406652671602,40.41021687551566
B0006,544,1.2534354284944844,0.6158366228941904,3.409409922814414,-1.611644410040853,33.117656712920734,40.49521984011741
B0006,547,1.2898048773266901,0.6337056235911395,3.4195489282896943,-1.6420364978388977,33.78417036686004,41.357879741754175
B0006,551,1.2635402021758835,0.620801290046241,3.4151799904187996,-1.6194806393973795,33.806439563441614,41.37902988743146
B0006,555,1.2479761706842853,0.6131543858862738,3.4154594925159083,-1.6048643562670923,33.63735785291911,41.20920760771975
B0006,559,1.2321202877943334,0.6053640895934027,3.4130336456755868,-1.5916400783224371,33.58195933847606,41.20630554355683
B0006,563,1.2271137666213534,0.6029042906907026,3.4094524356574096,-1.5901105081883435,33.56245583951572,41.28239317323536
B0006,567,1.2217397581377356,0.6002639382954212,3.4138496008165014,-1.5767754479909835,33.5111267532655,41.1595683576961
B0006,571,1.211102678915174,0.5950377393250057,3.410900672125043,-1.575262673173442,33.53675907012135,41.230427315370186
B0006,575,1.2056159765131735,0.5923420182680926,3.4105744140130074,-1.5684640005188113,33.49803069556778,41.21487873613708
B0006,579,1.2008936262717274,0.5900218379391315,3.4096514247359915,-1.5671286757845893,33.516977262709986,41.27439823262361
B0006,583,1.1905903985558335,0.5849596665522201,3.4128578373442537,-1.5537993411647462,33.531923269271225,41.237668013317766
B0006,587,1.185179251041941,0.5823010670462684,3.413450901705652,-1.5521827524962775,33.567636169584304,41.24068073261839
B0006,591,1.1796706818144624,0.5795946024028492,3.414388187503409,-1.5452652929126827,33.60493096509702,41.28133907077437
B0006,595,1.1745952836753915,0.5771009629390571,3.412419038813061,-1.538651770825325,33.54281440778599,41.28338645880181
B0006,599,1.15381833159625,0.5668928519254556,3.4148103057455175,-1.5169723774339863,33.472459360982775,41.149193043289586
B0006,603,1.1644009557372264,0.5720922960804411,3.4166177332601,-1.5238501013926742,33.58210389885497,41.26268252018065
B0006,607,1.1587974947916069,0.5693392093343496,3.4121341541171764,-1.523792814686802,33.6634605108384,41.45791806300034
B0006,611,1.1749748834769171,0.5772874675283711,3.419700177568569,-1.5391310859398721,33.730546074122294,41.11666214070682
B0006,613,1.1856752327929356,0.582544752296905,3.4234687742187893,-1.5426703969635054,33.8912822372509,41.36263766174168
B0018,2,1.8550045207910817,1.0,3.5275462263272543,-1.9541761960216968,31.773285281389256,38.10180309676608
B0018,6,1.8431955317089987,0.993633983664338,3.534835576186522,-1.9474374301153292,31.924891594728642,38.14987995994155
B0018,10,1.8396018424355423,0.9916966895859797,3.538246596159443,-1.9520511323479741,31.31691283374216,37.5266914843442
B0018,14,1.8306736044962053,0.9868836350412233,3.537697945111872,-1.9460914562122762,30.821190751176527,37.06279237079503
B0018,17,1.8327002069419656,0.9879761404357094,3.542667604586918,-1.9412796601390512,31.95346971511436,38.2110354381278
B0018,19,1.8285288846046388,0.9857274546289774,3.5451037330477333,-1.9400338819083036,32.02311236185272,38.17496505957075
B0018,21,1.8212011895697924,0.9817772243450524,3.5475142438631493,-1.9335667184847714,31.634533158077694,37.64038685475582
B0018,23,1.8151700106433282,0.9785259228744274,3.544812433691423,-1.9332161326561408,31.288194921595714,37.37602884738843
B0018,26,1.8042980520967649,0.9726650430627023,3.5434780274164095,-1.9325959489970461,31.11122470608501,37.28928029078695
B0018,29,1.8231002302844226,0.9828009634752517,3.543133206790044,-1.9387520938161948,31.13166983979621,37.52377766578506
B0018,31,1.8121253520255494,0.9768846014740459,3.545155146280937,-1.9319248326301843,31.51305775907457,37.72420412562674
B0018,33,1.8046916382117766,0.9728772183488541,3.545032366549762,-1.9249594896453863,31.31102568785445,37.41366095304306
B0018,35,1.790844349786295,0.9654123910288773,3.5440892170496827,-1.9179528942264992,30.893964711700164,36.94724908852665
B0018,38,1.783470722841926,0.9614373996680884,3.541317108618481,-1.917373033348097,30.540598970902945,36.707091312059944
B0018,41,1.7809386125310702,0.9600723839592448,3.541197979542517,-1.9180652422275581,30.82566018736547,37.13061214416645
B0018,43,1.771209039672698,0.9548273439880091,3.541255460524434,-1.9106033469326071,31.451400678644536,37.686600065941576
B0018,45,1.7686303996707076,0.9534372449488483,3.5427478949705886,-1.909404549449075,31.518847747922937,37.633580732302406
B0018,47,1.7536304801917124,0.9453510546938519,3.541251093602656,-1.8960567702455413,31.11237289077096,37.15252578645951
B0018,50,1.7462197416415093,0.9413560571253055,3.5350260562177453,-1.8948411660605735,30.586452588663985,36.78829001793698
B0018,53,1.7376647337053737,0.9367442042482638,3.5326627624319777,-1.90021436299665,30.242913021104116,36.541146197392216
B0018,55,1.7315166735475835,0.933429894181155,3.5333109441755526,-1.8936767267608487,30.10270376338569,36.372087786130464
B0018,57,1.7085949894470602,0.9210732212762566,3.52738705832889,-1.8739718829459886,30.251184852221932,36.52608510498833
B0018,59,1.711469957068211,0.9226230652733616,3.5296025965720452,-1.8791764961687347,30.212407704391104,36.476252762052624
B0018,62,1.7075021373272627,0.9204840841029782,3.5289707694229833,-1.8780560689384003,30.125011009636175,36.377208902376694
B0018,65,1.7492382064360228,0.9429832579006578,3.5322741848919814,-1.8993718818269214,30.22428629982563,36.64000948247426
B0018,67,1.7327697147429955,0.934105386440806,3.532438322521663,-1.8926958551018211,30.976376254737342,37.38165499248184
B0018,69,1.7222313328292376,0.9284243318688938,3.5363211310943603,-1.8783667048362822,31.41570291330098,37.59824760372582
B0018,71,1.711846298984729,0.9228259445182906,3.533535274219931,-1.870834339681941,31.383299841535273,37.560555155163414
B0018,74,1.699267835126687,0.916045117993578,3.527012841842043,-1.8696567234639716,31.167937826253635,37.52114200586718
B0018,77,1.6940366439243106,0.9132250757005568,3.52925730014011,-1.8623726014599724,30.994690437264207,37.21887096740918
B0018,79,1.6819027078768087,0.9066838862255429,3.527821497534469,-1.8547843408980225,31.055317978554886,37.33441415744885
B0018,81,1.6769770618433686,0.9040285579078848,3.525692957415014,-1.8538766950740675,31.373945543706103,37.7331798444306
B0018,83,1.6655229306478936,0.8978538391580942,3.5243962482347273,-1.845735037450336,31.56128410753226,37.84649344841882
B0018,86,1.6571924575832084,0.8933630290434469,3.520797576383474,-1.8382538558498933,31.318474723902874,37.670164941661795
B0018,89,1.6482241555294048,0.8885283766459535,3.519457281260753,-1.8435676915974055,31.104012325043946,37.53185198546868
B0018,91,1.6387701497987262,0.8834318900203323,3.513165600287965,-1.83704467002657,30.989730398009076,37.593333753421376
B0018,93,1.6276486907262062,0.8774365089051547,3.517217159454334,-1.8211904293154166,30.967851972472324,37.361410110678264
B0018,95,1.62215370227252,0.8744742581978935,3.5120091114107965,-1.8270453339799269,31.285342046153826,37.899803246715464
B0018,98,1.6140066510467586,0.8700823275398015,3.50911052654104,-1.819052179250902,31.41096207271253,38.03149707759718
B0018,101,1.6760516154424623,0.903529666185232,3.516106699716392,-1.8693745969498121,30.755137125871208,37.42220155418978
B0018,103,1.649300642552199,0.8891086916860135,3.519010068254593,-1.839770443871628,30.977446633931525,37.32511174435206
B0018,105,1.63238299185809,0.8799886865838726,3.5124212742229295,-1.837963396328485,30.800512192698992,37.31088262198154
B0018,107,1.6164159719025777,0.8713811496336645,3.50815215295169,-1.8296109578903785,30.616192795676138,37.232346556887364
B0018,110,1.6109028378249377,0.8684091169427205,3.508648568515266,-1.8210831511954937,30.399839302766903,36.94850857727268
B0018,113,1.5954638693695657,0.8600862431802415,3.5051993439595477,-1.8199201144788144,30.38386825126278,37.002663545357386
B0018,116,1.726707440085764,0.930837321813855,3.523165280193865,-1.8951156248467713,30.576239500422748,36.71025442949399
B0018,118,1.7165673917429753,0.9253710017973062,3.527269876472835,-1.8867694858233446,30.705906284556665,36.72807623650589
B0018,120,1.6958235570934848,0.914188368861919,3.526762654741574,-1.8786631828974334,30.62583594950684,36.72959308355185
B0018,122,1.6777783190792557,0.9044605014567585,3.523020179476104,-1.8704748023295987,30.597357068657974,36.787462351640364
B0018,124,1.6606586897774192,0.895231613273491,3.519792345798265,-1.8562833971202242,30.528493896066262,36.75689163314213
B0018,127,1.6664109274827466,0.8983325424846361,3.5251014582287223,-1.8625354754370638,31.203754246103966,37.350157630970955
B0018,129,1.6468336174407805,0.8877787622525443,3.518519199837846,-1.8606833274060013,31.172639449335037,37.48126030855565
B0018,131,1.6257639928779952,0.8764205017595725,3.5190801794284594,-1.8383636766891702,30.96825922704022,37.125443897626305
B0018,133,1.6121577411874595,0.8690856130635961,3.5114167272902406,-1.8436958588115397,30.821704306343133,37.19112571388883
B0018,135,1.6057366823755344,0.8656241342693628,3.5108038681605738,-1.8362729789790888,30.765219721637393,37.17642722353301
B0018,140,1.673645314879889,0.9022324722778301,3.51432611790755,-1.864690278795044,30.809988428281613,37.11936678632194
B0018,142,1.6404348572349936,0.8843293042409497,3.5196664048265607,-1.8572649157581866,31.039033590700278,37.2702464066457
B0018,144,1.6132653317422077,0.8696826954654632,3.512403849382274,-1.8483454421357695,31.04176453157222,37.39550861947664
B0018,146,1.5920964324686278,0.8582709177386076,3.5077862234460104,-1.839168422289249,30.959784195511766,37.378956702246384
B0018,149,1.5866011820698824,0.855308525821416,3.5076596102713244,-1.8303326102702338,30.843513277103145,37.245718322158105
B0018,152,1.5800766490336253,0.851791265910117,3.5074833565874615,-1.829290599843924,30.797157400797865,37.21755583353321
B0018,154,1.5641732953289167,0.8432180503052695,3.5023865933440717,-1.8278449003095165,30.984434580754094,37.56150979821064
B0018,156,1.555618272193922,0.8386061892347928,3.503693493885047,-1.8188198987741453,30.967899275139946,37.4174791317661
B0018,158,1.5402045278637397,0.8302969133503282,3.4989948462048113,-1.817194042260449,30.976616345195186,37.55101533655474
B0018,161,1.5321613015959863,0.8259609528835993,3.495405576723954,-1.8157980815469454,30.89768961926806,37.59895044072871
B0018,164,1.5316232403693415,0.8256708936300426,3.494528300232307,-1.822108117298183,30.81568822237933,37.489239782169804
B0018,166,1.5222595950771978,0.8206231187124103,3.4962554827793926,-1.8129628028687814,30.726188079151118,37.37911114363861
B0018,168,1.5065267126851283,0.8121418011653458,3.48769646191346,-1.8044876731207795,30.76818712651005,37.559604168615785
B0018,170,1.5014219556532926,0.8093899172887186,3.486547580844067,-1.809986175960184,30.775415173787835,37.61805450748922
B0018,173,1.4963534117486457,0.8066575552659644,3.482298183882304,-1.8090400456598725,30.761821976538275,37.71101994346608
B0018,176,1.5334262000312422,0.826642837170715,3.491819481711868,-1.8273691233501441,30.913721930762733,37.767989299214086
B0018,178,1.523845267514426,0.8214779265683784,3.493995853241935,-1.8180385592622932,31.228215653165606,37.91919394450186
B0018,180,1.5011920994261239,0.8092660058779416,3.484377015629623,-1.8085351614741645,31.261679783387308,37.99328509003338
B0018,182,1.492417671450291,0.8045358675534857,3.4859116793558376,-1.8068041184926535,31.18408593575448,37.984838024989045
B0018,184,1.483323851940123,0.799633550923934,3.4842787539766786,-1.8050190987020625,31.001432353085377,37.8288851383529
B0018,187,1.4807376792294196,0.7982393911352555,3.482988652120672,-1.8118563821702207,30.981374033120872,37.844837975501
B0018,189,1.4735077809902477,0.7943418813674149,3.483799876979844,-1.8021525551783737,31.088687926688607,37.8984610468502
B0018,191,1.46801928526661,0.7913831307756389,3.4787540756450497,-1.8092953592546854,31.336420133762665,38.27784043980244
B0018,193,1.4580923557119019,0.7860316993136419,3.4752194351784507,-1.8000309691416814,31.22599987103565,38.24434303919528
B0018,196,1.4478660988891399,0.7805189058362433,3.470739535801023,-1.7981302589297092,31.037323488688802,38.06956259266949
B0018,199,1.4527808777541982,0.7831683758563823,3.474600910003521,-1.8058248446047425,30.811349225731828,37.81744565252647
B0018,201,1.4425356364492432,0.7776453481817188,3.4740521567700093,-1.795955865281378,30.932223179746046,37.902567770354786
B0018,203,1.4392712877203313,0.7758855957432074,3.475075728648004,-1.7951057003644757,31.215527070380897,38.16628336469349
B0018,205,1.4286475681888218,0.7701585371768062,3.472424307596416,-1.7940097981352856,31.400797084337558,38.36789486715962
B0018,208,1.4249026750004896,0.7681397317526905,3.471751102262539,-1.7841592631620102,31.259213269721236,38.19823604401131
B0018,211,1.4698115324524124,0.7923492994106556,3.4745407296058963,-1.8136320536623207,31.134701292957466,38.099982807571635
B0018,213,1.4525819651050202,0.7830611455790711,3.471720060423485,-1.8109604460875317,31.246879695988095,38.214523782841354
B0018,215,1.442834198908794,0.7778062979024363,3.471398409828823,-1.800802328247715,31.027558674438325,37.939696536164234
B0018,217,1.428376058807949,0.7700121712904541,3.4626491088970703,-1.798647877727257,30.931917385258963,38.06666733482501
B0018,219,1.4154547844370715,0.7630465417051595,3.466072725920186,-1.7804067367547436,30.667082236656018,37.63260475617888
B0018,222,1.454576670077708,0.7841364556121901,3.4730670533412877,-1.8167125180994765,31.226789107710772,38.18223603956323
B0018,224,1.4283179548274056,0.7699808484662279,3.4668548162926327,-1.7981268087177564,31.387733116648285,38.3907466519188
B0018,226,1.4197026883204058,0.7653365112635747,3.46527367520258,-1.7964439222994821,31.505666838292886,38.51622654624205
B0018,228,1.4155606630306516,0.7631036189749955,3.4638878223448684,-1.795371462470329,31.5462258449116,38.56612180540248
B0018,231,1.405680035419228,0.7577771480684934,3.457807923440064,-1.7937175263130196,31.389977882297476,38.5606541602861
B0018,234,1.4084461071166137,0.759268288206635,3.459813554486507,-1.8014517734888207,31.385433749863733,38.53842073636507
B0018,236,1.3968547782872414,0.7530196086484692,3.458027727779737,-1.7915215753378781,31.423707199142058,38.548873480234754
B0018,238,1.3935670371440676,0.751247245774781,3.4613996718507845,-1.7816941240706174,31.435368910968148,38.45838357496903
B0018,240,1.3893644292809475,0.7489816944965945,3.4611285476693214,-1.7797379985412234,31.542375291159843,38.54382874673793
B0018,243,1.3785651415666713,0.7431599902402238,3.455556822823358,-1.7856528650965158,31.52669677306915,38.650883957434026
B0018,246,1.384901110085747,0.7465755983684312,3.459598362944341,-1.7784070647657095,31.435921914290372,38.45654834997334
B0018,248,1.3703251814242443,0.7387179740348331,3.4506569891269216,-1.7778412667349817,31.475238112886494,38.6564130442344
B0018,250,1.3733464385229082,0.7403466800917733,3.455515243082573,-1.7764462760420034,31.5817445550721,38.655587491253975
B0018,252,1.3679487285504814,0.7374368704864981,3.455840338587253,-1.7752748972563315,31.647958536134297,38.6997087046862
B0018,255,1.3567141087089647,0.7313804864100185,3.448678293668265,-1.7742013268724648,31.662032275252905,38.87481687744787
B0018,258,1.4604310209194575,0.7872924322020762,3.474503178644755,-1.8196650877007408,30.434500875864142,37.363974526077364
B0018,260,1.4500998937104097,0.7817231049614924,3.474031881945217,-1.8096836854216038,31.017997058077018,37.88258787662229
B0018,262,1.4381406901824496,0.7752761106852413,3.474404210386772,-1.7993287687468955,31.39483761465523,38.158980736604235
B0018,264,1.4283681980964316,0.7700079337204485,3.471767043833224,-1.7959419603883284,31.24511885640641,38.05243159675446
B0018,266,1.4147874517552432,0.7626867945054364,3.4685305272975935,-1.7956017209600372,31.05306925187263,37.89096376444466
B0018,269,1.413889163393182,0.7622025431993112,3.4651213646662598,-1.7929541659933774,30.88589263299331,37.81203585126145
B0018,271,1.3989331662177225,0.7541400306782735,3.4652879859475885,-1.784474211719448,31.053992379018933,37.9591954678784
B0018,273,1.3953322584033976,0.7521988452127043,3.461799526154992,-1.793581043096934,31.492840068071885,38.521043498835155
B0018,275,1.390046129540245,0.7493491870022229,3.463260140320492,-1.7920645354970144,31.93832684630049,38.878687997701746
B0018,278,1.3860271454209647,0.747182624023947,3.462839429201602,-1.7809541104468565,31.74562722135923,38.65118899876309
B0018,281,1.388215260193751,0.7483621978461461,3.4569152237960306,-1.7989851707207014,31.31018499405759,38.434235278537344
B0018,283,1.3761826562394497,0.7418756347033405,3.4574690175816127,-1.7873231599598716,31.127360345471814,38.103875724329995
B0018,285,1.3647168898640165,0.7356946436346268,3.4502191781217797,-1.7861666392556754,30.985550813719595,38.12742842632319
B0018,287,1.3589854739373584,0.7326049390746541,3.4486728051793962,-1.7849995504167615,30.899653280757406,38.03962943213698
B0018,290,1.3462308764008801,0.7257291620112974,3.444632719716698,-1.778331020505836,30.706123644966482,37.85657903247749
B0018,293,1.4268427818454643,0.7691856089045949,3.467272639213176,-1.809775952165901,30.47122187456595,37.43017193410286
B0018,295,1.4064481483279663,0.7581912240991063,3.464490491162134,-1.7896694300229208,30.939221783021114,37.8264149292754
B0018,297,1.3934907492075153,0.7512061203027418,3.459667012281024,-1.7970097248124899,31.111640631561894,38.08307173716899
B0018,299,1.3882493512249316,0.7483805757157408,3.462241956955771,-1.7861513769566684,31.037910219908994,37.88279649093536
B0018,301,1.3701878338420928,0.7386439323920165,3.4555661695067355,-1.784162084841115,30.967950840538833,37.96027066990377
B0018,304,1.3796951665608619,0.743769166650052,3.458696199585801,-1.7845257009241222,30.93996203578424,37.880513353762176
B0018,306,1.3686586323935683,0.7378195670433692,3.4525282614097663,-1.7920667435100546,31.295019295352862,38.43416278222213
B0018,308,1.3627371779096438,0.7346274160714679,3.4552290080443044,-1.782779873271704,31.81846533166901,38.847489737859576
B0018,310,1.3634051133928073,0.7349874882306875,3.4619744219744675,-1.7725212915953121,32.00067162597675,38.80283421497622
B0018,313,1.3518646035305233,0.7287662042753458,3.452221905520614,-1.769870119236631,31.73992229230571,38.72699121838442
B0018,316,1.3547969729652622,0.7303469925709389,3.447650049442191,-1.7884847819526568,31.52613649688221,38.67191958148309
B0018,318,1.341051440640485,0.7229370201580871,3.447928507599004,-1.77774044867741,31.27624493654335,38.371813640118894
